<defaul>
   <theme_settings>
      <header>
         <left_column>4</left_column>
         <central_column/>
         <right_column>8</right_column>
         <logo_position>primLeftCol</logo_position>
         <search_position>primRightCol</search_position>
         <search_in_user_menu_position>1</search_in_user_menu_position>
         <account_links_position>userMenu</account_links_position>
         <top_links>1</top_links>
         <user_menu_position>primRightCol</user_menu_position>
         <toplinks_break_position>0</toplinks_break_position>
         <main_menu_position>menuContainer</main_menu_position>
         <cart_position>userMenu</cart_position>
         <cart_label>1</cart_label>
         <compare>1</compare>
         <compare_position>userMenu</compare_position>
         <compare_label>1</compare_label>
         <currency_switcher_position>topRight</currency_switcher_position>
         <lang_switcher_position>topRight</lang_switcher_position>
         <sticky>1</sticky>
         <sticky_full_width>0</sticky_full_width>
         <sticky_logo>0</sticky_logo>
         <mobile_move_switchers>0</mobile_move_switchers>
         <mode>1</mode>
      </header>
      <category>
         <image_width/>
         <image_height/>
         <alt_image>0</alt_image>
         <alt_image_column>label</alt_image_column>
         <alt_image_column_value>alt</alt_image_column_value>
      </category>
      <category_grid>
         <column_count>3</column_count>
         <column_count_768>3</column_count_768>
         <column_count_640>2</column_count_640>
         <column_count_480>2</column_count_480>
         <equal_height>1</equal_height>
         <hover_effect>1</hover_effect>
         <disable_hover_effect>320</disable_hover_effect>
         <hide_addto_links>480</hide_addto_links>
         <centered>0</centered>
         <elements_size/>
         <display_name>1</display_name>
         <display_name_single_line>1</display_name_single_line>
         <display_price>1</display_price>
         <display_rating>2</display_rating>
         <display_addtocart>1</display_addtocart>
         <display_addtolinks>1</display_addtolinks>
         <addtolinks_position>1</addtolinks_position>
      </category_grid>
      <category_list>
         <hover_effect>1</hover_effect>
      </category_list>
      <product_page>
         <image_column>4</image_column>
         <primary_column>5</primary_column>
         <secondary_column>3</secondary_column>
         <lower_primary_column>9</lower_primary_column>
         <lower_secondary_column>3</lower_secondary_column>
         <tabs>1</tabs>
         <tabs_mode>1</tabs_mode>
         <tabs_threshold>1024</tabs_threshold>
         <tabs_collapsed>1</tabs_collapsed>
         <tabs_style>style1</tabs_style>
         <collateral_position>lowerPrimCol_1</collateral_position>
         <collateral_reviews>1</collateral_reviews>
         <collateral_tags>1</collateral_tags>
         <collateral_related>0</collateral_related>
         <collateral_upsell>0</collateral_upsell>
         <related_position>lowerSecCol_1</related_position>
         <related_template>Infortis_Base::product/list/slider.phtml</related_template>
         <related_breakpoints>[0, 1], [320, 2], [480, 3], [768, 1]</related_breakpoints>
         <related_timeout>6000</related_timeout>
         <related_checkbox>1</related_checkbox>
         <upsell_position>lowerPrimCol_1</upsell_position>
         <upsell_template>Infortis_Base::product/list/slider.phtml</upsell_template>
         <upsell_breakpoints>[0, 1], [320, 2], [480, 3], [992, 4], [1200, 5]</upsell_breakpoints>
         <upsell_timeout/>
         <brand_position>secCol_1</brand_position>
      </product_page>
      <gallery>
         <magnifier>1</magnifier>
         <magnifier_width>300</magnifier_width>
         <magnifier_height>300</magnifier_height>
      </gallery>
      <product_labels>
         <new>1</new>
         <sale>1</sale>
      </product_labels>
      <footer>
         <links_column_auto_width>1</links_column_auto_width>
         <footer_links>1</footer_links>
         <newsletter>1</newsletter>
         <store_switcher>0</store_switcher>
      </footer>
      <product_slider>
         <timeout/>
         <speed>200</speed>
         <auto_speed>500</auto_speed>
         <pause>1</pause>
         <loop>1</loop>
         <lazy>1</lazy>
         <keep_aspect_ratio>0</keep_aspect_ratio>
      </product_slider>
      <install>
         <overwrite_blocks>0</overwrite_blocks>
         <overwrite_pages>0</overwrite_pages>
      </install>
   </theme_settings>
   <theme_design>
      <colors>
         <color>#333333</color>
         <link_color>#716861</link_color>
         <link_hover_color>#d03074</link_hover_color>
         <button_bg_color>#eeeeee</button_bg_color>
         <button_color>#333333</button_color>
         <button_hover_bg_color>#d52462</button_hover_bg_color>
         <button_hover_color>#ffffff</button_hover_color>
         <button_active_bg_color>#333333</button_active_bg_color>
         <button_active_color>#ffffff</button_active_color>
         <tool_icon_bg_color>#f5f5f5</tool_icon_bg_color>
         <tool_icon_color>#333333</tool_icon_color>
         <tool_icon_hover_bg_color>#d03074</tool_icon_hover_bg_color>
         <tool_icon_hover_color>#ffffff</tool_icon_hover_color>
         <tool_icon_active_bg_color>#e5e5e5</tool_icon_active_bg_color>
         <tool_icon_active_color>#333333</tool_icon_active_color>
         <icon_bg_color>#d03074</icon_bg_color>
         <icon_color>#ffffff</icon_color>
         <icon_hover_bg_color>#333333</icon_hover_bg_color>
         <icon_hover_color>#ffffff</icon_hover_color>
         <social_icon_bg_color>transparent</social_icon_bg_color>
         <social_icon_color>#ffffff</social_icon_color>
         <social_icon_hover_bg_color>#d03074</social_icon_hover_bg_color>
         <social_icon_hover_color>#ffffff</social_icon_hover_color>
         <important_link_hover_color>#ffffff</important_link_hover_color>
         <important_link_hover_bg_color>#B8ADA4</important_link_hover_bg_color>
         <label_new_bg_color>#fc8d20</label_new_bg_color>
         <label_new_color>#ffffff</label_new_color>
         <label_sale_bg_color>#f9446b</label_sale_bg_color>
         <label_sale_color>#ffffff</label_sale_color>
         <price_color>#333333</price_color>
         <rating_active_color>#333333</rating_active_color>
         <additional_bg_color>#f5f5f5</additional_bg_color>
      </colors>
      <font>
         <font_size>14</font_size>
         <primary_font_family_group>google</primary_font_family_group>
         <primary_font_family_custom>Arial, &quot;Helvetica Neue&quot;, Helvetica, sans-serif</primary_font_family_custom>
         <primary_font_family>Oswald</primary_font_family>
         <primary_char_subset>latin</primary_char_subset>
         <primary_font_weight> </primary_font_weight>
      </font>
      <effects>
         <shadow>0</shadow>
         <shadow_nav>inner-container</shadow_nav>
         <structural_elements_transition>0</structural_elements_transition>
      </effects>
      <page>
         <bg_color>#ffffff</bg_color>
         <bg_image/>
         <bg_repeat>repeat</bg_repeat>
         <bg_attachment>scroll</bg_attachment>
         <bg_positionx>center</bg_positionx>
         <bg_positiony>top</bg_positiony>
         <tex>7</tex>
         <content_padding_side>12</content_padding_side>
      </page>
      <header>
         <top_border_color>transparent</top_border_color>
         <color>#5b514a</color>
         <link_color>#5b514a</link_color>
         <link_hover_color>#d03074</link_hover_color>
         <bg_color>#e3deda</bg_color>
         <bg_image/>
         <bg_repeat>no-repeat</bg_repeat>
         <bg_attachment>scroll</bg_attachment>
         <bg_positionx>center</bg_positionx>
         <bg_positiony>top</bg_positiony>
         <tex>7</tex>
         <tex2>0</tex2>
         <padding_top>0</padding_top>
         <padding_bottom>0</padding_bottom>
         <inner_bg_color>transparent</inner_bg_color>
         <search_bg_color>#f1edea</search_bg_color>
         <search_hover_bg_color>#ffffff</search_hover_bg_color>
         <search_color>#cdc4bc</search_color>
         <search_hover_color>#716861</search_hover_color>
         <search_border_color>transparent</search_border_color>
         <search_border_hover_color>transparent</search_border_hover_color>
         <search_max_width>350px</search_max_width>
         <counter_color>#5bd2ec</counter_color>
         <dropdown_bg_color>#ffffff</dropdown_bg_color>
         <dropdown_color>#333333</dropdown_color>
         <dropdown_link_color>#333333</dropdown_link_color>
         <dropdown_link_hover_color>#d03074</dropdown_link_hover_color>
      </header>
      <header_top>
         <color/>
         <link_color/>
         <link_hover_color/>
         <line_height>36</line_height>
         <bg_color>#cdc4bc</bg_color>
         <padding_top/>
         <padding_bottom/>
         <inner_bg_color/>
         <content_padding_top/>
         <content_padding_bottom/>
         <content_padding_side/>
      </header_top>
      <header_primary>
         <font_size>14</font_size>
         <line_height>36</line_height>
         <bg_color>transparent</bg_color>
         <padding_top>0</padding_top>
         <padding_bottom>0</padding_bottom>
         <inner_bg_color/>
         <content_padding_top>20</content_padding_top>
         <content_padding_bottom>10</content_padding_bottom>
         <content_padding_side/>
      </header_primary>
      <m_header>
         <bg_color/>
         <padding_top/>
         <padding_bottom/>
         <inner_bg_color/>
         <content_padding_side/>
         <tab_item_bg_color>#fafafa</tab_item_bg_color>
         <tab_item_color>#333333</tab_item_color>
         <tab_item_hover_bg_color>#5bd2ec</tab_item_hover_bg_color>
         <tab_item_hover_color>#ffffff</tab_item_hover_color>
         <tab_item_active_bg_color>#f5f5f5</tab_item_active_bg_color>
         <tab_item_active_color>#3ec2df</tab_item_active_color>
         <tab_content_bg_color>#f5f5f5</tab_content_bg_color>
         <tab_content_color>#333333</tab_content_color>
         <tab_content_link_color>#333333</tab_content_link_color>
         <tab_content_link_hover_color>#3ec2df</tab_content_link_hover_color>
      </m_header>
      <nav>
         <outer_bg_color>transparent</outer_bg_color>
         <padding_top>0</padding_top>
         <padding_bottom>0</padding_bottom>
         <inner_bg_color>transparent</inner_bg_color>
         <content_padding_top/>
         <content_padding_bottom/>
         <content_padding_side/>
         <content_padding_side_value>20</content_padding_side_value>
         <line_height>50</line_height>
         <border>0</border>
         <border_color>transparent</border_color>
         <bg_color>#d03074</bg_color>
         <color>#ffffff</color>
         <hover_bg_color>#f9446b</hover_bg_color>
         <hover_color>#ffffff</hover_color>
         <active_bg_color>#ffffff</active_bg_color>
         <active_color>#d03074</active_color>
         <sticky_item_bg_color>#d03074</sticky_item_bg_color>
         <sticky_item_color>#ffffff</sticky_item_color>
         <sticky_border>0</sticky_border>
         <level1_font_size>16</level1_font_size>
         <level1_font_uppercase>1</level1_font_uppercase>
         <level2_font_size>16</level2_font_size>
         <mega_lev1_font_size>16</mega_lev1_font_size>
         <mega_lev1_font_uppercase>1</mega_lev1_font_uppercase>
         <mega_lev2_font_size>14</mega_lev2_font_size>
         <mobile_level1_font_size>16</mobile_level1_font_size>
         <mobile_level1_font_uppercase>1</mobile_level1_font_uppercase>
         <mobile_level2_font_size>16</mobile_level2_font_size>
         <mobile_level2_font_uppercase>0</mobile_level2_font_uppercase>
         <dropdown_shadow>1</dropdown_shadow>
         <dropdown_bg_color>#ffffff</dropdown_bg_color>
         <dropdown_item_hover_bg_color>#f0f8ff</dropdown_item_hover_bg_color>
         <dropdown_color>#333333</dropdown_color>
         <dropdown_link_color>#333333</dropdown_link_color>
         <dropdown_link_hover_color>#d52462</dropdown_link_hover_color>
         <dropdown_border_top>0</dropdown_border_top>
         <dropdown_border_top_color>transparent</dropdown_border_top_color>
         <dropdown_border_all_levels>0</dropdown_border_all_levels>
         <mobile_link_separator_color>transparent</mobile_link_separator_color>
         <mobile_shadow>1</mobile_shadow>
         <vert_item_line_height>36</vert_item_line_height>
         <vert_item_bg_color>#f8f8f8</vert_item_bg_color>
         <vert_item_color>#333333</vert_item_color>
         <vert_item_hover_bg_color>#5bd2ec</vert_item_hover_bg_color>
         <vert_item_hover_color>#ffffff</vert_item_hover_color>
         <vert_item_active_bg_color>#333333</vert_item_active_bg_color>
         <vert_item_active_color>#f5f5f5</vert_item_active_color>
         <vert_trigger_bg_color>#f7f7f7</vert_trigger_bg_color>
         <vert_trigger_color>#333333</vert_trigger_color>
         <label_bg_color>#f89b5d</label_bg_color>
         <label_color>#ffffff</label_color>
         <label_bg_color2>#d52462</label_bg_color2>
         <label_color2>#ffffff</label_color2>
         <label_hover_bg_color>#000000</label_hover_bg_color>
         <label_hover_color>#ffffff</label_hover_color>
      </nav>
      <main>
         <bg_color>transparent</bg_color>
         <tex>0</tex>
         <padding_top/>
         <padding_bottom/>
         <inner_bg_color>#ffffff</inner_bg_color>
         <content_padding_top>20</content_padding_top>
         <content_padding_bottom>20</content_padding_bottom>
         <content_padding_side/>
      </main>
      <footer>
         <bg_color>#2d251e</bg_color>
         <bg_image/>
         <bg_repeat>no-repeat</bg_repeat>
         <bg_attachment>scroll</bg_attachment>
         <bg_positionx>left</bg_positionx>
         <bg_positiony>top</bg_positiony>
         <tex>white/7</tex>
         <tex2>0</tex2>
         <inner_bg_color>transparent</inner_bg_color>
         <color>#7f7974</color>
         <link_color>#7f7974</link_color>
         <link_hover_color>#f89b5d</link_hover_color>
         <button_bg_color>#5b514a</button_bg_color>
         <button_color>#ffffff</button_color>
         <button_hover_bg_color>#f89b5d</button_hover_bg_color>
         <button_hover_color>#ffffff</button_hover_color>
         <tool_icon_bg_color>#d03074</tool_icon_bg_color>
         <tool_icon_color>#333333</tool_icon_color>
         <tool_icon_hover_bg_color>#f89b5d</tool_icon_hover_bg_color>
         <tool_icon_hover_color>#ffffff</tool_icon_hover_color>
         <icon_bg_color>#5b514a</icon_bg_color>
         <icon_color>#ffffff</icon_color>
         <icon_hover_bg_color>#d03074</icon_hover_bg_color>
         <icon_hover_color>#ffffff</icon_hover_color>
      </footer>
      <footer_top>
         <color/>
         <link_color/>
         <link_hover_color/>
         <bg_color>#ffffff</bg_color>
         <padding_top>0</padding_top>
         <padding_bottom>0</padding_bottom>
         <inner_bg_color>transparent</inner_bg_color>
         <content_padding_top/>
         <content_padding_bottom/>
         <content_padding_side/>
      </footer_top>
      <footer_primary>
         <color/>
         <link_color/>
         <link_hover_color/>
         <bg_color>transparent</bg_color>
         <padding_top>0</padding_top>
         <padding_bottom>0</padding_bottom>
         <inner_bg_color>transparent</inner_bg_color>
         <content_padding_top>20</content_padding_top>
         <content_padding_bottom>20</content_padding_bottom>
         <content_padding_side/>
      </footer_primary>
      <footer_bottom>
         <color>transparent</color>
         <link_color>transparent</link_color>
         <link_hover_color>transparent</link_hover_color>
         <bg_color>#1c1916</bg_color>
         <inner_bg_color>transparent</inner_bg_color>
         <content_padding_top>20</content_padding_top>
         <content_padding_bottom>20</content_padding_bottom>
         <content_padding_side/>
      </footer_bottom>
      <category>
         <grid_item_bg_color/>
         <grid_item_hover_bg_color/>
      </category>
      <product_page>
         <addto_icon_bg_color>#eeeeee</addto_icon_bg_color>
         <addto_icon_hover_bg_color>#d52462</addto_icon_hover_bg_color>
      </product_page>
      <slideshow>
         <tool_icon_bg_color>#ffffff</tool_icon_bg_color>
         <tool_icon_color>#333333</tool_icon_color>
         <tool_icon_hover_bg_color>#d03074</tool_icon_hover_bg_color>
         <tool_icon_hover_color>#ffffff</tool_icon_hover_color>
         <tool_icon_active_bg_color>#2b2621</tool_icon_active_bg_color>
      </slideshow>
   </theme_design>
   <theme_layout>
      <responsive>
         <responsive>1</responsive>
         <max_width>1200</max_width>
         <max_width_custom>1200</max_width_custom>
         <fluid_width>0</fluid_width>
      </responsive>
   </theme_layout>
   <ultramegamenu>
      <mainmenu>
         <enable>1</enable>
         <mode>0</mode>
         <categories>0</categories>
         <vertnav>0</vertnav>
         <vertnav_collapsed>1</vertnav_collapsed>
         <home>0</home>
         <home_img>1</home_img>
         <home_link_icon>0</home_link_icon>
         <centered>0</centered>
         <outermost_container>headPrimInner</outermost_container>
         <fullwidth_dd_container>headPrimInner</fullwidth_dd_container>
         <custom_block_floating>1</custom_block_floating>
      </mainmenu>
      <mobilemenu>
         <threshold>770</threshold>
         <show_blocks>0</show_blocks>
         <hide_blocks_below>1</hide_blocks_below>
      </mobilemenu>
      <sidemenu>
         <enable_category_main>1</enable_category_main>
         <enable_category_additional>0</enable_category_additional>
         <enable_home_main>1</enable_home_main>
         <enable_home_additional>0</enable_home_additional>
         <enable_cms_main>1</enable_cms_main>
         <enable_cms_additional>0</enable_cms_additional>
         <enable_product_main>0</enable_product_main>
         <enable_product_additional>0</enable_product_additional>
         <is_megamenu>1</is_megamenu>
         <is_main>1</is_main>
         <block_name/>
         <parent>current</parent>
         <depth>2</depth>
         <fallback>1</fallback>
         <block_name_fallback/>
         <num_of_products>0</num_of_products>
         <hide_on_mobile>1</hide_on_mobile>
         <hide_laynav_categories>1</hide_laynav_categories>
      </sidemenu>
      <category_labels>
         <label1>New</label1>
         <label2>Hot!</label2>
      </category_labels>
   </ultramegamenu>
   <ultraslideshow>
      <general>
         <effect>fade</effect>
         <timeout>10000</timeout>
         <speed>200</speed>
         <auto_speed>500</auto_speed>
         <smooth_height>0</smooth_height>
         <pause>1</pause>
         <loop>1</loop>
         <hide>0</hide>
         <position1>0</position1>
         <position2>1</position2>
         <margin_top>0</margin_top>
         <margin_bottom>0</margin_bottom>
      </general>
      <banners>
         <position>right</position>
         <hide>1</hide>
      </banners>
      <navigation>
         <pagination>slider-pagination1</pagination>
         <pagination_position>pagination-pos-over-bottom-centered</pagination_position>
      </navigation>
   </ultraslideshow>
</defaul>
